{
    "overall": 0.9841269841269841,
    "Diagnóstico-jurídica": 1.0,
    "Comunicación en el ámbito jurídico": 1.0,
    "Defensa de la Constitución y deontología": 0.9523809523809523
}