{
    "overall": 0.8571428571428571,
    "Diagnóstico-jurídica": 0.6666666666666666,
    "Comunicación en el ámbito jurídico": 0.9523809523809523,
    "Defensa de la Constitución y deontología": 0.9523809523809523
}