{
    "overall": 0.8888888888888888,
    "Diagnóstico-jurídica": 0.7142857142857143,
    "Comunicación en el ámbito jurídico": 1.0,
    "Defensa de la Constitución y deontología": 0.9523809523809523
}